VendorID,VendName,VendStreetAddress,VendCity,VendState,VendZipCode,VendPhoneNumber,VendFaxNumber,VendWebPage,VendEMailAddress
1,"Shinoman, Incorporated",3042 19th Avenue South,Bellevue,WA,98001,(425) 888-1234,(425) 888-1235,#http://www.shinoman.com/#,Sales@Shiniman.com
2,Viscount,1911 Commerce Way,St. Louis,MO,63127,(314) 777-1234,(314) 777-1235,#http://www.viscountbikes.com/#,Orders@ViscountBikes.com
3,Nikoma of America,88 Old North Road Ave,Ballard,WA,91324,(206) 666-1234,(314) 666-1235,#http://www.nikomabikes.com/#,BuyBikes@NikomaBikes.com
4,ProFormance,29 N. Quail St.,Albany,NY,12012,(518) 444-1234,(518) 444-1235,#http://www.ProFormBikes.com/#,Sales@ProFormBikes.com
5,"Kona, Incorporated",PO Box 10429,Redmond,WA,98052,(425) 333-1234,(425) 333-1235,#http://www.konabikes.com/#,Sales@KonaBikes.com
6,Big Sky Mountain Bikes,Glacier Bay South,Anchorage,AK,99209,(907) 222-1234,(907) 222-1235,,
7,Dog Ear,575 Madison Ave.,New York,NY,10003,(212) 888-9876,(212) 888-9877,,
8,Sun Sports Suppliers,PO Box 8082,Santa Monica,CA,91003,(310) 777-9876,(310) 777-9877,,
9,Lone Star Bike Supply,7402 Kingman Drive,El Paso,TX,79915,(915) 666-9876,(915) 666-9877,,
10,Armadillo Brand,12330 Side Road Lane,Dallas,TX,75137,(214) 444-9876,(214) 444-9877,#http://www.DilloBikes.com/#,BikeProducts@DilloBikes.com
11,Astro Paper Products,5639 N. Riverside,Chicago,IL,60637,(312) 555-9876,(312) 555-9875,,
